input,label
What is the importance of early childhood education?,education
What programming languages should I learn?,technology
How to apply for scholarships?,education
What is the difference between a Roth and traditional IRA?,finance
How to write a screenplay?,entertainment
How can I protect my online privacy?,technology
How to budget my expenses?,finance
How to improve study habits?,education
What is the recommended amount of sleep for adults?,health
What are effective teaching methods?,education
How to invest in stocks?,finance
What subjects are essential for a career in science?,education
How to start a YouTube channel?,entertainment
What are the best ways to reduce debt?,finance
How to save money effectively?,finance
How to save money effectively?,finance
What is blockchain technology?,technology
How to save money effectively?,finance
What exercises are best for weight loss?,health
How do vaccines work?,health
What exercises are best for weight loss?,health
How to write a screenplay?,entertainment
How to start a YouTube channel?,entertainment
How does artificial intelligence work?,technology
How to budget my expenses?,finance
How to choose the right college?,education
What is the difference between machine learning and deep learning?,technology
What are the benefits of yoga?,health
What are the symptoms of flu?,health
What are the basics of personal finance?,finance
How do I improve my credit score?,finance
How can I boost my immune system?,health
What is the difference between machine learning and deep learning?,technology
What is a good credit score?,finance
How does artificial intelligence work?,technology
How to start a YouTube channel?,entertainment
What subjects are essential for a career in science?,education
How to build a website?,technology
How to write a screenplay?,entertainment
What are the best ways to reduce debt?,finance
What is mental health?,health
What are the best books to read?,entertainment
What programming languages should I learn?,technology
What is the history of rock music?,entertainment
How to build a website?,technology
How do I get started with coding?,technology
How to choose the right college?,education
How to get into the music industry?,entertainment
What are the top movies of this year?,entertainment
What exercises are best for weight loss?,health
What are the best TV shows to binge-watch?,entertainment
What is cryptocurrency?,finance
What are effective teaching methods?,education
What are the advantages of vocational training?,education
How to organize a movie night?,entertainment
What are the benefits of cloud computing?,technology
What are the best books to read?,entertainment
What are the latest video games?,entertainment
What is the history of rock music?,entertainment
How to build a website?,technology
What is a good credit score?,finance
How to start a YouTube channel?,entertainment
What is the latest smartphone on the market?,technology
What are the top movies of this year?,entertainment
What is the history of rock music?,entertainment
How to invest in stocks?,finance
What is the recommended amount of sleep for adults?,health
What are the benefits of online learning?,education
What are the best ways to reduce debt?,finance
What is cryptocurrency?,finance
How to start a YouTube channel?,entertainment
What are the benefits of online learning?,education
What is blockchain technology?,technology
What are the symptoms of flu?,health
How to plan for retirement?,finance
How do vaccines work?,health
What are effective teaching methods?,education
What are effective teaching methods?,education
What is the history of rock music?,entertainment
What are the best ways to reduce debt?,finance
What are the top movies of this year?,entertainment
What are the best ways to reduce debt?,finance
How does artificial intelligence work?,technology
What are effective teaching methods?,education
What are the advantages of vocational training?,education
What is the history of rock music?,entertainment
What are the signs of depression?,health
How can I boost my immune system?,health
How can I maintain a healthy diet?,health
How to write a screenplay?,entertainment
What is the difference between machine learning and deep learning?,technology
How do vaccines work?,health
How to organize a movie night?,entertainment
How to write a screenplay?,entertainment
How to save money effectively?,finance
What is the recommended amount of sleep for adults?,health
What is the recommended amount of sleep for adults?,health
How to get into the music industry?,entertainment
What are the best TV shows to binge-watch?,entertainment
What are the best practices for cybersecurity?,technology
What are the symptoms of flu?,health
What is blockchain technology?,technology
What is the difference between a Roth and traditional IRA?,finance
What is the difference between machine learning and deep learning?,technology
What are the advantages of vocational training?,education
How to choose the right college?,education
How to write a good essay?,education
How to build a website?,technology
What is the difference between machine learning and deep learning?,technology
How to invest in stocks?,finance
What subjects are essential for a career in science?,education
How to budget my expenses?,finance
What is the importance of early childhood education?,education
How to manage stress effectively?,health
What exercises are best for weight loss?,health
How to budget my expenses?,finance
What are the top movies of this year?,entertainment
What is the difference between machine learning and deep learning?,technology
How to improve study habits?,education
What is the difference between machine learning and deep learning?,technology
What is cryptocurrency?,finance
What is the history of rock music?,entertainment
How to get into the music industry?,entertainment
What are the benefits of yoga?,health
What is the difference between machine learning and deep learning?,technology
What is the latest smartphone on the market?,technology
What are effective teaching methods?,education
How to organize a movie night?,entertainment
How to start a YouTube channel?,entertainment
What is mental health?,health
How to build a website?,technology
How do vaccines work?,health
How do I improve my credit score?,finance
What are the best practices for cybersecurity?,technology
What is blockchain technology?,technology
What are the best ways to reduce debt?,finance
What are the basics of personal finance?,finance
How can I protect my online privacy?,technology
What exercises are best for weight loss?,health
What is the impact of technology on education?,education
What is cryptocurrency?,finance
How to start a YouTube channel?,entertainment
How to get into the music industry?,entertainment
What is blockchain technology?,technology
What are the best TV shows to binge-watch?,entertainment
How can I maintain a healthy diet?,health
How do I improve my credit score?,finance
What are the benefits of online learning?,education
What are the best books to read?,entertainment
What exercises are best for weight loss?,health
How can I maintain a healthy diet?,health
What is the difference between a Roth and traditional IRA?,finance
How to plan for retirement?,finance
How to manage stress effectively?,health
How to improve study habits?,education
What are the advantages of vocational training?,education
What is blockchain technology?,technology
What are the signs of depression?,health
What is the importance of early childhood education?,education
How to budget my expenses?,finance
What is the difference between machine learning and deep learning?,technology
What are the latest video games?,entertainment
What are effective teaching methods?,education
What is the history of rock music?,entertainment
What is mental health?,health
How to plan a fun weekend?,entertainment
What are the symptoms of flu?,health
How to get into the music industry?,entertainment
What is mental health?,health
How to invest in stocks?,finance
What are the benefits of online learning?,education
How to save money effectively?,finance
What is the difference between a Roth and traditional IRA?,finance
What are the basics of personal finance?,finance
What are the basics of personal finance?,finance
What is the difference between a Roth and traditional IRA?,finance
How to improve study habits?,education
How does artificial intelligence work?,technology
What are the best books to read?,entertainment
What is the importance of early childhood education?,education
What is the history of rock music?,entertainment
How do vaccines work?,health
What are effective teaching methods?,education
How to organize a movie night?,entertainment
How to invest in stocks?,finance
What are the advantages of vocational training?,education
What is the latest smartphone on the market?,technology
What are the benefits of yoga?,health
What is the history of rock music?,entertainment
What are the top movies of this year?,entertainment
How can I boost my immune system?,health
How do vaccines work?,health
What are the best books to read?,entertainment
How does artificial intelligence work?,technology
How do I improve my credit score?,finance
How to build a website?,technology
What are the advantages of vocational training?,education
What is the difference between machine learning and deep learning?,technology
How can I maintain a healthy diet?,health
What exercises are best for weight loss?,health
How can I boost my immune system?,health
What are the best books to read?,entertainment
What are the advantages of vocational training?,education
How do I improve my credit score?,finance
What are the best ways to reduce debt?,finance
What are the signs of depression?,health
What is the difference between a Roth and traditional IRA?,finance
What are the best TV shows to binge-watch?,entertainment
How can I boost my immune system?,health
What is mental health?,health
What are the advantages of vocational training?,education
What is the recommended amount of sleep for adults?,health
What are the benefits of yoga?,health
What is blockchain technology?,technology
How to apply for scholarships?,education
What are the symptoms of flu?,health
What are the best ways to reduce debt?,finance
What programming languages should I learn?,technology
What are the symptoms of flu?,health
What is the importance of early childhood education?,education
How to choose the right college?,education
How to write a screenplay?,entertainment
How to apply for scholarships?,education
What are the latest video games?,entertainment
What are the top movies of this year?,entertainment
How to write a good essay?,education
What are the top movies of this year?,entertainment
What is the history of rock music?,entertainment
How does artificial intelligence work?,technology
How to write a good essay?,education
How to get into the music industry?,entertainment
What are the latest video games?,entertainment
What are the benefits of yoga?,health
What are the top movies of this year?,entertainment
How can I protect my online privacy?,technology
How to write a good essay?,education
What are the best TV shows to binge-watch?,entertainment
What is the difference between machine learning and deep learning?,technology
What is the history of rock music?,entertainment
What is the history of rock music?,entertainment
What are effective teaching methods?,education
What is the recommended amount of sleep for adults?,health
What is blockchain technology?,technology
What are the benefits of online learning?,education
What are the benefits of yoga?,health
How to budget my expenses?,finance
What is the difference between a Roth and traditional IRA?,finance
What is the latest smartphone on the market?,technology
How to invest in stocks?,finance
What are the benefits of online learning?,education
How do I improve my credit score?,finance
What are the latest video games?,entertainment
What is the difference between machine learning and deep learning?,technology
How to plan a fun weekend?,entertainment
How to budget my expenses?,finance
What are the basics of personal finance?,finance
What is the recommended amount of sleep for adults?,health
How to apply for scholarships?,education
How to apply for scholarships?,education
How to apply for scholarships?,education
How can I maintain a healthy diet?,health
How to get into the music industry?,entertainment
What is the impact of technology on education?,education
What is mental health?,health
What are the basics of personal finance?,finance
What is blockchain technology?,technology
How to budget my expenses?,finance
What is the difference between machine learning and deep learning?,technology
What is the difference between machine learning and deep learning?,technology
What is the difference between a Roth and traditional IRA?,finance
How to organize a movie night?,entertainment
What are the signs of depression?,health
How can I maintain a healthy diet?,health
How can I protect my online privacy?,technology
How to organize a movie night?,entertainment
How can I maintain a healthy diet?,health
How to plan for retirement?,finance
How can I maintain a healthy diet?,health
How to start a YouTube channel?,entertainment
What exercises are best for weight loss?,health
What are the latest video games?,entertainment
What is the latest smartphone on the market?,technology
What are the best books to read?,entertainment
What is the difference between machine learning and deep learning?,technology
What is a good credit score?,finance
What are the basics of personal finance?,finance
How to organize a movie night?,entertainment
How do I get started with coding?,technology
What exercises are best for weight loss?,health
What are the latest video games?,entertainment
How to plan for retirement?,finance
How to get into the music industry?,entertainment
What are the advantages of vocational training?,education
How to choose the right college?,education
How do vaccines work?,health
What are the advantages of vocational training?,education
What are the advantages of vocational training?,education
How to write a screenplay?,entertainment
What are the basics of personal finance?,finance
What are the latest video games?,entertainment
What are the best ways to reduce debt?,finance
What is the importance of early childhood education?,education
What are the advantages of vocational training?,education
How to plan for retirement?,finance
What is the difference between machine learning and deep learning?,technology
What programming languages should I learn?,technology
What are the best practices for cybersecurity?,technology
How to plan for retirement?,finance
How to apply for scholarships?,education
What is the recommended amount of sleep for adults?,health
What is the recommended amount of sleep for adults?,health
What subjects are essential for a career in science?,education
What is the impact of technology on education?,education
How to invest in stocks?,finance
What are the best practices for cybersecurity?,technology
What is blockchain technology?,technology
How do I improve my credit score?,finance
How do vaccines work?,health
What are the signs of depression?,health
How to choose the right college?,education
How to manage stress effectively?,health
What are the latest video games?,entertainment
What are effective teaching methods?,education
How to save money effectively?,finance
What are the benefits of cloud computing?,technology
What is the difference between a Roth and traditional IRA?,finance
How to get into the music industry?,entertainment
How does artificial intelligence work?,technology
What are the signs of depression?,health
How to get into the music industry?,entertainment
What is the impact of technology on education?,education
How to budget my expenses?,finance
How to get into the music industry?,entertainment
How do I improve my credit score?,finance
How to save money effectively?,finance
How does artificial intelligence work?,technology
What are the signs of depression?,health
What are the benefits of yoga?,health
What are the benefits of yoga?,health
What are the best TV shows to binge-watch?,entertainment
How to start a YouTube channel?,entertainment
How do vaccines work?,health
How do I get started with coding?,technology
How does artificial intelligence work?,technology
What is blockchain technology?,technology
What is the history of rock music?,entertainment
What is the importance of early childhood education?,education
What is a good credit score?,finance
What exercises are best for weight loss?,health
What are the signs of depression?,health
What are the best ways to reduce debt?,finance
How to choose the right college?,education
What is the importance of early childhood education?,education
What is the difference between machine learning and deep learning?,technology
How can I protect my online privacy?,technology
How to get into the music industry?,entertainment
What are the benefits of yoga?,health
What are effective teaching methods?,education
What exercises are best for weight loss?,health
What are the benefits of online learning?,education
How to save money effectively?,finance
How to invest in stocks?,finance
What is cryptocurrency?,finance
What are the latest video games?,entertainment
What is a good credit score?,finance
How to organize a movie night?,entertainment
How to build a website?,technology
How to start a YouTube channel?,entertainment
What are the benefits of online learning?,education
How to plan a fun weekend?,entertainment
What are the symptoms of flu?,health
How does artificial intelligence work?,technology
How to plan for retirement?,finance
How to build a website?,technology
How do vaccines work?,health
What are the signs of depression?,health
What are the best TV shows to binge-watch?,entertainment
What is the recommended amount of sleep for adults?,health
What is the difference between machine learning and deep learning?,technology
What are the basics of personal finance?,finance
What are the basics of personal finance?,finance
How to choose the right college?,education
What is mental health?,health
What exercises are best for weight loss?,health
How to write a screenplay?,entertainment
What is the importance of early childhood education?,education
What programming languages should I learn?,technology
What are the top movies of this year?,entertainment
How can I boost my immune system?,health
What is the recommended amount of sleep for adults?,health
What is the difference between machine learning and deep learning?,technology
What are the symptoms of flu?,health
How to get into the music industry?,entertainment
How do vaccines work?,health
What are effective teaching methods?,education
What are the benefits of yoga?,health
What is the latest smartphone on the market?,technology
What are the signs of depression?,health
How to organize a movie night?,entertainment
What programming languages should I learn?,technology
What are the benefits of cloud computing?,technology
What are effective teaching methods?,education
What is the history of rock music?,entertainment
What programming languages should I learn?,technology
What are the best books to read?,entertainment
What are the basics of personal finance?,finance
How to choose the right college?,education
What is the history of rock music?,entertainment
What is the recommended amount of sleep for adults?,health
What is the history of rock music?,entertainment
What is cryptocurrency?,finance
How to save money effectively?,finance
How to organize a movie night?,entertainment
What are the symptoms of flu?,health
How to save money effectively?,finance
What is the latest smartphone on the market?,technology
What is the importance of early childhood education?,education
How do I improve my credit score?,finance
How can I maintain a healthy diet?,health
What are the benefits of online learning?,education
How to plan a fun weekend?,entertainment
How to start a YouTube channel?,entertainment
How to budget my expenses?,finance
What are the best practices for cybersecurity?,technology
What are the best ways to reduce debt?,finance
What are the latest video games?,entertainment
What are the top movies of this year?,entertainment
What are the latest video games?,entertainment
What is the recommended amount of sleep for adults?,health
What are the best books to read?,entertainment
What are the advantages of vocational training?,education
What are the benefits of online learning?,education
How to start a YouTube channel?,entertainment
How do I get started with coding?,technology
What are the latest video games?,entertainment
How to improve study habits?,education
How to build a website?,technology
How to invest in stocks?,finance
What are the benefits of online learning?,education
What are the latest video games?,entertainment
What is blockchain technology?,technology
What are the latest video games?,entertainment
What are the benefits of yoga?,health
How can I protect my online privacy?,technology
What are the best books to read?,entertainment
How to improve study habits?,education
How to start a YouTube channel?,entertainment
What are the advantages of vocational training?,education
How to manage stress effectively?,health
What are the signs of depression?,health
What are the advantages of vocational training?,education
What is the importance of early childhood education?,education
What are the signs of depression?,health
What are the best books to read?,entertainment
How to manage stress effectively?,health
What are the benefits of yoga?,health
What programming languages should I learn?,technology
What is blockchain technology?,technology
What are the top movies of this year?,entertainment
How do I get started with coding?,technology
How to organize a movie night?,entertainment
What are the signs of depression?,health
How can I maintain a healthy diet?,health
How to organize a movie night?,entertainment
What is cryptocurrency?,finance
How do vaccines work?,health
What is mental health?,health
How to save money effectively?,finance
What are the benefits of online learning?,education
What are the benefits of cloud computing?,technology
How can I maintain a healthy diet?,health
How to plan for retirement?,finance
What is the latest smartphone on the market?,technology
How to choose the right college?,education
How to write a good essay?,education
How to get into the music industry?,entertainment
What is mental health?,health
How to improve study habits?,education
What is a good credit score?,finance
How to apply for scholarships?,education
How do I improve my credit score?,finance
What are the best books to read?,entertainment
What is the importance of early childhood education?,education
How to write a good essay?,education
How do I improve my credit score?,finance
How can I boost my immune system?,health
How does artificial intelligence work?,technology
How to plan for retirement?,finance
What are the signs of depression?,health
How to choose the right college?,education
What is a good credit score?,finance
How do I get started with coding?,technology
What are the benefits of online learning?,education
What subjects are essential for a career in science?,education
How can I maintain a healthy diet?,health
How do I get started with coding?,technology
How to choose the right college?,education
What is cryptocurrency?,finance
What is the importance of early childhood education?,education
What are the latest video games?,entertainment
What are the signs of depression?,health
What are the symptoms of flu?,health
How to improve study habits?,education
How to budget my expenses?,finance
How to write a screenplay?,entertainment
What are the top movies of this year?,entertainment
What exercises are best for weight loss?,health
What is the latest smartphone on the market?,technology
What is the difference between a Roth and traditional IRA?,finance
How to get into the music industry?,entertainment
What subjects are essential for a career in science?,education
How to improve study habits?,education
What is blockchain technology?,technology
How to write a screenplay?,entertainment
What are the symptoms of flu?,health
How to budget my expenses?,finance
What is the recommended amount of sleep for adults?,health
What is the difference between machine learning and deep learning?,technology
What is cryptocurrency?,finance
What are the best ways to reduce debt?,finance
What are the advantages of vocational training?,education
How to choose the right college?,education
How to save money effectively?,finance
What is a good credit score?,finance
What is cryptocurrency?,finance
What are the basics of personal finance?,finance
How to organize a movie night?,entertainment
How to apply for scholarships?,education
What are the best TV shows to binge-watch?,entertainment
How to plan a fun weekend?,entertainment
What are the advantages of vocational training?,education
What is the importance of early childhood education?,education
What are the advantages of vocational training?,education
What are the advantages of vocational training?,education
How do vaccines work?,health
What are the best ways to reduce debt?,finance
What are the benefits of online learning?,education
What is the recommended amount of sleep for adults?,health
How can I boost my immune system?,health
What is mental health?,health
What are the benefits of online learning?,education
How to apply for scholarships?,education
How to build a website?,technology
How to write a good essay?,education
How can I boost my immune system?,health
How to plan a fun weekend?,entertainment
How to organize a movie night?,entertainment
What are the best TV shows to binge-watch?,entertainment
What subjects are essential for a career in science?,education
What are the best TV shows to binge-watch?,entertainment
What is the difference between machine learning and deep learning?,technology
What are the latest video games?,entertainment
What are the latest video games?,entertainment
How to plan for retirement?,finance
What is blockchain technology?,technology
How to manage stress effectively?,health
How can I boost my immune system?,health
How to invest in stocks?,finance
What is a good credit score?,finance
What is the difference between a Roth and traditional IRA?,finance
How to start a YouTube channel?,entertainment
What is the importance of early childhood education?,education
What are the latest video games?,entertainment
What is blockchain technology?,technology
What are the basics of personal finance?,finance
How do I get started with coding?,technology
How can I protect my online privacy?,technology
How can I boost my immune system?,health
What is the importance of early childhood education?,education
How to manage stress effectively?,health
What are the benefits of cloud computing?,technology
How to plan for retirement?,finance
How to plan for retirement?,finance
What is blockchain technology?,technology
What are the symptoms of flu?,health
What is a good credit score?,finance
How to invest in stocks?,finance
What is the recommended amount of sleep for adults?,health
What is the importance of early childhood education?,education
How can I protect my online privacy?,technology
What are the basics of personal finance?,finance
What are the signs of depression?,health
How to organize a movie night?,entertainment
What is the importance of early childhood education?,education
What is the recommended amount of sleep for adults?,health
What are the benefits of cloud computing?,technology
How to invest in stocks?,finance
What are the latest video games?,entertainment
What are the benefits of cloud computing?,technology
What are the best books to read?,entertainment
How to write a screenplay?,entertainment
What is the difference between a Roth and traditional IRA?,finance
What are the benefits of yoga?,health
What is the impact of technology on education?,education
What is mental health?,health
What is a good credit score?,finance
How to manage stress effectively?,health
How to budget my expenses?,finance
What is the difference between a Roth and traditional IRA?,finance
What is the importance of early childhood education?,education
How to get into the music industry?,entertainment
How to save money effectively?,finance
What are the best ways to reduce debt?,finance
How to get into the music industry?,entertainment
What are the symptoms of flu?,health
What programming languages should I learn?,technology
What are the symptoms of flu?,health
What are the best books to read?,entertainment
What is blockchain technology?,technology
What are the best TV shows to binge-watch?,entertainment
What is the difference between machine learning and deep learning?,technology
How to write a screenplay?,entertainment
What are the best practices for cybersecurity?,technology
How to choose the right college?,education
What is the latest smartphone on the market?,technology
What is mental health?,health
How to plan for retirement?,finance
How to budget my expenses?,finance
How can I boost my immune system?,health
What is the difference between a Roth and traditional IRA?,finance
What is the history of rock music?,entertainment
How to budget my expenses?,finance
What is the impact of technology on education?,education
How does artificial intelligence work?,technology
What is the latest smartphone on the market?,technology
What is the history of rock music?,entertainment
How to invest in stocks?,finance
What are the benefits of cloud computing?,technology
What are the benefits of online learning?,education
How to build a website?,technology
What is a good credit score?,finance
How to choose the right college?,education
How do I improve my credit score?,finance
How to plan a fun weekend?,entertainment
How to plan for retirement?,finance
What are the best TV shows to binge-watch?,entertainment
How do I get started with coding?,technology
What is the latest smartphone on the market?,technology
What are the benefits of cloud computing?,technology
How to plan a fun weekend?,entertainment
What are the benefits of cloud computing?,technology
How do I get started with coding?,technology
How do I get started with coding?,technology
What are the symptoms of flu?,health
What are the benefits of online learning?,education
What are the advantages of vocational training?,education
How to improve study habits?,education
How to apply for scholarships?,education
What are the latest video games?,entertainment
What are the basics of personal finance?,finance
How to plan for retirement?,finance
How to plan a fun weekend?,entertainment
How to get into the music industry?,entertainment
How do I improve my credit score?,finance
What is mental health?,health
How to plan for retirement?,finance
How do vaccines work?,health
How to apply for scholarships?,education
How to choose the right college?,education
What subjects are essential for a career in science?,education
What are the symptoms of flu?,health
How to invest in stocks?,finance
What is the difference between a Roth and traditional IRA?,finance
What are the symptoms of flu?,health
What are the best ways to reduce debt?,finance
How to start a YouTube channel?,entertainment
What is the difference between a Roth and traditional IRA?,finance
What are the best ways to reduce debt?,finance
What are the signs of depression?,health
What are the benefits of online learning?,education
How can I maintain a healthy diet?,health
How to build a website?,technology
What subjects are essential for a career in science?,education
What is mental health?,health
How to get into the music industry?,entertainment
What are the benefits of cloud computing?,technology
What is blockchain technology?,technology
How do vaccines work?,health
What is the recommended amount of sleep for adults?,health
What is the history of rock music?,entertainment
What is the importance of early childhood education?,education
How to organize a movie night?,entertainment
What are the top movies of this year?,entertainment
How to organize a movie night?,entertainment
What is the importance of early childhood education?,education
What are the advantages of vocational training?,education
What is a good credit score?,finance
How to write a screenplay?,entertainment
What is the difference between a Roth and traditional IRA?,finance
What is the difference between machine learning and deep learning?,technology
What are the advantages of vocational training?,education
What is the recommended amount of sleep for adults?,health
What is blockchain technology?,technology
How to improve study habits?,education
What are the benefits of cloud computing?,technology
How to start a YouTube channel?,entertainment
What is blockchain technology?,technology
How to build a website?,technology
What are the basics of personal finance?,finance
What is mental health?,health
How to build a website?,technology
What is the history of rock music?,entertainment
What is the difference between machine learning and deep learning?,technology
How to save money effectively?,finance
How to apply for scholarships?,education
What is the latest smartphone on the market?,technology
How to write a screenplay?,entertainment
What is the difference between a Roth and traditional IRA?,finance
How to improve study habits?,education
What are the symptoms of flu?,health
How to apply for scholarships?,education
What are the latest video games?,entertainment
What is cryptocurrency?,finance
What programming languages should I learn?,technology
What are the latest video games?,entertainment
What is the impact of technology on education?,education
How to build a website?,technology
How to improve study habits?,education
How to manage stress effectively?,health
How to write a screenplay?,entertainment
How to apply for scholarships?,education
What is the recommended amount of sleep for adults?,health
What are the best practices for cybersecurity?,technology
How to build a website?,technology
What is the recommended amount of sleep for adults?,health
What are the best practices for cybersecurity?,technology
What is the difference between a Roth and traditional IRA?,finance
How to choose the right college?,education
What programming languages should I learn?,technology
How to budget my expenses?,finance
What is the importance of early childhood education?,education
What are effective teaching methods?,education
How to invest in stocks?,finance
How can I maintain a healthy diet?,health
How to manage stress effectively?,health
What are the symptoms of flu?,health
What are the latest video games?,entertainment
What exercises are best for weight loss?,health
How to write a screenplay?,entertainment
What are the symptoms of flu?,health
What is cryptocurrency?,finance
How to build a website?,technology
What are the benefits of yoga?,health
What is cryptocurrency?,finance
How to manage stress effectively?,health
How to save money effectively?,finance
How to budget my expenses?,finance
How to start a YouTube channel?,entertainment
How to save money effectively?,finance
What are effective teaching methods?,education
What is the impact of technology on education?,education
How to organize a movie night?,entertainment
What is the difference between machine learning and deep learning?,technology
How do I improve my credit score?,finance
What are the best ways to reduce debt?,finance
What is cryptocurrency?,finance
What are the advantages of vocational training?,education
What are the best TV shows to binge-watch?,entertainment
How to start a YouTube channel?,entertainment
How to write a screenplay?,entertainment
How to invest in stocks?,finance
How to write a screenplay?,entertainment
What is the difference between machine learning and deep learning?,technology
What is a good credit score?,finance
What is the impact of technology on education?,education
What is cryptocurrency?,finance
What is mental health?,health
What are the symptoms of flu?,health
What is the recommended amount of sleep for adults?,health
What is the impact of technology on education?,education
What is the difference between machine learning and deep learning?,technology
What are the basics of personal finance?,finance
How do vaccines work?,health
How can I boost my immune system?,health
What are the best TV shows to binge-watch?,entertainment
How to start a YouTube channel?,entertainment
What are the symptoms of flu?,health
How do I improve my credit score?,finance
What exercises are best for weight loss?,health
How to apply for scholarships?,education
What is the difference between machine learning and deep learning?,technology
What is the history of rock music?,entertainment
What is the difference between machine learning and deep learning?,technology
What are the benefits of yoga?,health
What is the latest smartphone on the market?,technology
What are the best TV shows to binge-watch?,entertainment
What is the impact of technology on education?,education
How to budget my expenses?,finance
How to apply for scholarships?,education
What is cryptocurrency?,finance
What are the basics of personal finance?,finance
What are the basics of personal finance?,finance
How to choose the right college?,education
What is a good credit score?,finance
How do I get started with coding?,technology
What is blockchain technology?,technology
What is the importance of early childhood education?,education
How to start a YouTube channel?,entertainment
How to start a YouTube channel?,entertainment
How to write a screenplay?,entertainment
What is blockchain technology?,technology
How to plan a fun weekend?,entertainment
How can I protect my online privacy?,technology
How to start a YouTube channel?,entertainment
What are the benefits of cloud computing?,technology
How to budget my expenses?,finance
How to build a website?,technology
How to organize a movie night?,entertainment
How do vaccines work?,health
What are effective teaching methods?,education
What is cryptocurrency?,finance
How to save money effectively?,finance
How does artificial intelligence work?,technology
What are the best practices for cybersecurity?,technology
What is the difference between machine learning and deep learning?,technology
What is the difference between machine learning and deep learning?,technology
What are the signs of depression?,health
What are the benefits of online learning?,education
What is the recommended amount of sleep for adults?,health
How can I maintain a healthy diet?,health
How can I protect my online privacy?,technology
What are the benefits of yoga?,health
What is the latest smartphone on the market?,technology
What is the importance of early childhood education?,education
How do vaccines work?,health
How to apply for scholarships?,education
What is the importance of early childhood education?,education
What programming languages should I learn?,technology
What are the benefits of online learning?,education
What is mental health?,health
How do vaccines work?,health
How to save money effectively?,finance
What is the history of rock music?,entertainment
What are the top movies of this year?,entertainment
What are the best ways to reduce debt?,finance
What is cryptocurrency?,finance
How to budget my expenses?,finance
How to improve study habits?,education
How can I boost my immune system?,health
How can I protect my online privacy?,technology
What is the latest smartphone on the market?,technology
What are the signs of depression?,health
What are the basics of personal finance?,finance
How to organize a movie night?,entertainment
What are the signs of depression?,health
How to write a screenplay?,entertainment
How to save money effectively?,finance
How to budget my expenses?,finance
What subjects are essential for a career in science?,education
How to manage stress effectively?,health
How do vaccines work?,health
What programming languages should I learn?,technology
How does artificial intelligence work?,technology
What are the benefits of yoga?,health
What are effective teaching methods?,education
What are the basics of personal finance?,finance
How to write a screenplay?,entertainment
What is a good credit score?,finance
How to invest in stocks?,finance
What is the difference between a Roth and traditional IRA?,finance
What subjects are essential for a career in science?,education
What is a good credit score?,finance
How to improve study habits?,education
How does artificial intelligence work?,technology
How to organize a movie night?,entertainment
What are the best practices for cybersecurity?,technology
What are the benefits of online learning?,education
What is a good credit score?,finance
How to choose the right college?,education
How do I improve my credit score?,finance
How to invest in stocks?,finance
What are the best practices for cybersecurity?,technology
What is mental health?,health
What is the importance of early childhood education?,education
How to write a good essay?,education
How to build a website?,technology
How can I maintain a healthy diet?,health
How to invest in stocks?,finance
How to apply for scholarships?,education
How can I maintain a healthy diet?,health
How to invest in stocks?,finance
What are the best ways to reduce debt?,finance
What are the best books to read?,entertainment
What are the best practices for cybersecurity?,technology
What is blockchain technology?,technology
What are the best TV shows to binge-watch?,entertainment
What exercises are best for weight loss?,health
What are the best TV shows to binge-watch?,entertainment
How to save money effectively?,finance
What are the best ways to reduce debt?,finance
How does artificial intelligence work?,technology
What is the impact of technology on education?,education
What are the advantages of vocational training?,education
How to start a YouTube channel?,entertainment
What are the best TV shows to binge-watch?,entertainment
How to plan for retirement?,finance
What are the basics of personal finance?,finance
How do I get started with coding?,technology
What is cryptocurrency?,finance
What is a good credit score?,finance
What are the benefits of cloud computing?,technology
What are the benefits of online learning?,education
How to improve study habits?,education
What are the best books to read?,entertainment
How do I improve my credit score?,finance
How to invest in stocks?,finance
How to start a YouTube channel?,entertainment
What exercises are best for weight loss?,health
What subjects are essential for a career in science?,education
How can I protect my online privacy?,technology
What is the impact of technology on education?,education
What are the benefits of cloud computing?,technology
How to write a screenplay?,entertainment
How can I maintain a healthy diet?,health
What are the basics of personal finance?,finance
What is the impact of technology on education?,education
How to choose the right college?,education
What is the recommended amount of sleep for adults?,health
How to get into the music industry?,entertainment
How do I improve my credit score?,finance
What programming languages should I learn?,technology
How to get into the music industry?,entertainment
What are the benefits of yoga?,health
How to build a website?,technology
What are the best practices for cybersecurity?,technology
How to save money effectively?,finance
What exercises are best for weight loss?,health
How to get into the music industry?,entertainment
What are the advantages of vocational training?,education
What are the best ways to reduce debt?,finance
How do I improve my credit score?,finance
How to write a good essay?,education
What is mental health?,health
How can I protect my online privacy?,technology
What are the top movies of this year?,entertainment
What are the latest video games?,entertainment
What are effective teaching methods?,education
What is the recommended amount of sleep for adults?,health
What are the best TV shows to binge-watch?,entertainment
How to plan a fun weekend?,entertainment
How to choose the right college?,education
How does artificial intelligence work?,technology
What programming languages should I learn?,technology
What is the recommended amount of sleep for adults?,health
What are the latest video games?,entertainment
What are the benefits of yoga?,health
How to write a screenplay?,entertainment
What are the top movies of this year?,entertainment
What are the top movies of this year?,entertainment
What are the benefits of cloud computing?,technology
How to plan for retirement?,finance
How to organize a movie night?,entertainment
What is the importance of early childhood education?,education
How does artificial intelligence work?,technology
What are the best books to read?,entertainment
What is blockchain technology?,technology
What is the recommended amount of sleep for adults?,health
How to write a good essay?,education
How to budget my expenses?,finance
How to start a YouTube channel?,entertainment
What are the signs of depression?,health
How can I maintain a healthy diet?,health
How to write a screenplay?,entertainment
How to start a YouTube channel?,entertainment
What are the best books to read?,entertainment
What is cryptocurrency?,finance
What are the best ways to reduce debt?,finance
What are the best books to read?,entertainment
How can I protect my online privacy?,technology
How can I protect my online privacy?,technology
What is the importance of early childhood education?,education
What are the best ways to reduce debt?,finance
What is the importance of early childhood education?,education
What are the advantages of vocational training?,education
What are the advantages of vocational training?,education
What is the recommended amount of sleep for adults?,health
What are effective teaching methods?,education
What is a good credit score?,finance
What are the signs of depression?,health
What are the top movies of this year?,entertainment
How can I boost my immune system?,health
How to build a website?,technology
What are the benefits of cloud computing?,technology
What are the benefits of yoga?,health
What are the top movies of this year?,entertainment
How can I boost my immune system?,health
How to manage stress effectively?,health
How to plan a fun weekend?,entertainment
What is blockchain technology?,technology
What are the signs of depression?,health
What are the benefits of online learning?,education
How to manage stress effectively?,health
What is a good credit score?,finance
What is the history of rock music?,entertainment
What is the impact of technology on education?,education
How to build a website?,technology
What is the history of rock music?,entertainment
How to organize a movie night?,entertainment
How to start a YouTube channel?,entertainment
What are the symptoms of flu?,health
